use QuanLyNhanSuCSharp
go

-- 11. Thêm phòng ban
INSERT INTO PhongBan (MaPhongBan, TenPhongBan, MoTa, TruongPhong, TrangThai)
VALUES 
('PB0001', N'Phòng Kế Toán', N'Chuyên xử lý các vấn đề liên quan đến tài chính', NULL, 1),
('PB0002', N'Phòng Nhân Sự', N'Quản lý các vấn đề về nhân viên và tuyển dụng', NULL, 1),
('PB0003', N'Phòng Kinh Doanh', N'Tập trung vào việc bán hàng và tiếp thị', NULL, 1),
('PB0004', N'Phòng IT', N'Quản lý hệ thống công nghệ thông tin và hỗ trợ kỹ thuật', NULL, 1),
('PB0005', N'Phòng Marketing', N'Phụ trách các chiến dịch quảng cáo và xây dựng thương hiệu', NULL, 0),
('PB0006', N'Phòng Sản Xuất', N'Chịu trách nhiệm sản xuất và vận hành quy trình sản xuất', NULL, 0),
('PB0007', N'Phòng R&D', N'Nghiên cứu và phát triển sản phẩm mới', NULL, 0),
('PB0008', N'Phòng Hành Chính', N'Quản lý hành chính và các công việc văn phòng', NULL, 0),
('PB0009', N'Phòng Pháp Chế', N'Tư vấn và xử lý các vấn đề pháp lý của công ty', NULL, 0);
go

-- 12. Thêm chức vụ
INSERT INTO ChucVu (MaChucVu, TenChucVu, MoTa, LuongCoBan, PhongBan, TrangThai)
VALUES 
('CV0001', N'Trưởng Phòng Kế Toán', N'Chịu trách nhiệm điều hành phòng ban', 25000000, 'PB0001', 1),
('CV0002', N'Trưởng Phòng Nhân Sự', N'Chịu trách nhiệm điều hành phòng ban', 25000000, 'PB0002', 1),
('CV0003', N'Trưởng Phòng Kinh Doanh', N'Chịu trách nhiệm điều hành phòng ban', 25000000, 'PB0003', 1),
('CV0004', N'Nhân viên Kế Toán', N'Thực hiện công việc theo yêu cầu', 8000000, 'PB0001', 1),
('CV0005', N'Thực tập sinh', N'Thực hiện công việc theo yêu cầu', 5000000, 'PB0003', 1),
('CV0006', N'Nhân viên Marketing', N'Thực hiện công việc theo yêu cầu', 8500000, 'PB0003', 1),
('CV0007', N'Nhân viên HR', N'Thực hiện công việc theo yêu cầu', 7500000, 'PB0002', 1),
('CV0008', N'Nhân viên Logistics', N'Thực hiện công việc theo yêu cầu', 8500000, 'PB0003', 1),
('CV0009', N'Nhân viên Kinh Doanh', N'Thực hiện công việc theo yêu cầu', 8000000, 'PB0003', 1),
('CV0010', N'Trưởng Phòng IT', N'Chịu trách nhiệm quản lý và phát triển hệ thống công nghệ', 25000000, 'PB0004', 1),
('CV0011', N'Nhân viên IT', N'Hỗ trợ kỹ thuật và quản trị hệ thống công nghệ', 9000000, 'PB0004', 1),
('CV0012', N'Trưởng Phòng Marketing', N'Điều hành các hoạt động marketing chiến lược', 25000000, 'PB0005', 0),
('CV0013', N'Nhân viên Pháp Chế', N'Tư vấn và hỗ trợ pháp lý cho công ty', 12000000, 'PB0009', 0),
('CV0014', N'Trưởng Phòng Sản Xuất', N'Quản lý và giám sát hoạt động sản xuất', 24000000, 'PB0006', -1),
('CV0015', N'Nhân viên Sản Xuất', N'Thực hiện công việc sản xuất theo yêu cầu', 8500000, 'PB0006', -1);
go

-- 8. Thêm nhân viên 1
INSERT INTO NhanVien (MaNhanVien, HoTen, NgaySinh, GioiTinh, DiaChi, Email, SDT, NguoiQuanLy, PhongBan, ChucVu, HoSoGioiThieu, TrangThai)
VALUES
('NV0001', N'Nguyễn Văn Hải', '1990-05-12', 'Nam', N'Hoàn Kiếm, Hà Nội', 'nguyenvanhai@gmail.com', '0901000001', NULL, 'PB0003', 'CV0003', NULL, 1),
('NV0002', N'Ngô Minh Nguyệt', '1991-12-22', N'Nữ', N'Ba Đình, Hà Nội', 'ngominhnguyet@gmail.com', '0920000020', NULL, 'PB0001', 'CV0001', NULL, 1),
('NV0003', N'Trần Thị Hoa', '1990-09-05', N'Nữ', N'Quận 1, Hồ Chí Minh', 'tranthihoa@gmail.com', '0921000021', NULL, 'PB0002', 'CV0002', NULL, 1),
('NV0004', N'Nguyễn Tiến Dũng', '1987-12-30', N'Nam', N'Tân Phú, Hồ Chí Minh', 'nguyentiendung@gmail.com','0921000021', NULL, 'PB0004', 'CV0010', NULL, 1);
go

-- 9. Thêm quản lý
INSERT INTO QuanLyNhanSu(MaQuanLyNhanSu, TrangThai)
VALUES 
('NV0001', 1),
('NV0002', 1),
('NV0003', 1),
('NV0004', 1);
go

-- 3. Thêm phúc lợi
INSERT INTO PhucLoi (MaPhucLoi, TenPhucLoi, MoTa, GiaTriPhucLoi, TrangThai)
VALUES 
('PL0001', N'Bảo hiểm y tế', N'Cung cấp bảo hiểm y tế cho nhân viên', 1000000, 1),
('PL0002', N'Trợ cấp xăng xe', N'Hỗ trợ chi phí đi lại hàng tháng', 500000, 1),
('PL0003', N'Trợ cấp ăn trưa', N'Cung cấp bữa ăn miễn phí tại công ty', 700000, 1),
('PL0004', N'Trợ cấp chỗ ở', N'Hỗ trợ nhân viên thuê nhà', 2000000, 1),
('PL0005', N'Trợ cấp điện thoại', N'Hỗ trợ chi phí liên lạc hàng tháng', 300000, 0),
('PL0006', N'Trợ cấp đào tạo', N'Tài trợ khóa học phát triển cá nhân', 1500000, 1),
('PL0007', N'Trợ cấp thai sản', N'Hỗ trợ nhân viên trong thời gian nghỉ thai sản', 3000000, 1),
('PL0008', N'Trợ cấp con cái', N'Hỗ trợ học phí cho con của nhân viên', 2000000, 1),
('PL0009', N'Thưởng hiệu suất', N'Thưởng thêm cho nhân viên xuất sắc', 5000000, 1),
('PL0010', N'Quà sinh nhật', N'Tặng quà sinh nhật cho nhân viên', 300000, 0),
('PL0011', N'Trợ cấp học phí', N'Hỗ trợ học phí cho nhân viên', 3000000, 1),
('PL0012', N'Trợ cấp du lịch', N'Tài trợ chuyến du lịch hàng năm', 5000000, 0),
('PL0013', N'Trợ cấp chăm sóc sức khỏe', N'Cung cấp dịch vụ kiểm tra sức khỏe định kỳ', 2000000, 1),
('PL0014', N'Trợ cấp thâm niên', N'Thưởng dành cho nhân viên làm việc lâu năm', 4000000, -1),
('PL0015', N'Trợ cấp bảo hiểm nhân thọ', N'Bảo hiểm nhân thọ dành cho nhân viên', 7000000, 0),
('PL0016', N'Trợ cấp năng lượng', N'Hỗ trợ chi phí điện, nước hàng tháng', 1000000, 1),
('PL0017', N'Trợ cấp lễ Tết', N'Tặng quà hoặc tiền vào dịp lễ Tết', 3000000, 1),
('PL0018', N'Trợ cấp bảo hiểm thất nghiệp', N'Hỗ trợ nhân viên trong thời gian thất nghiệp', 2000000, -1),
('PL0019', N'Trợ cấp công nghệ', N'Hỗ trợ mua thiết bị làm việc từ xa', 1500000, 0),
('PL0020', N'Trợ cấp ngoại ngữ', N'Tài trợ các khóa học ngoại ngữ', 2500000, 1);
go

-- 6. Thêm kỳ tuyển dụng
INSERT INTO KyTuyenDung (MaKyTuyenDung, NoiDung, NgayBatDau, NgayKetThuc, MaQuanLy, TrangThai)
VALUES
('TD0001', N'Tuyển dụng thực tập sinh', '2024-01-01', '2024-01-10', 'NV0002', -1),
('TD0002', N'Tuyển dụng nhân viên Marketing', '2024-02-01', '2024-02-15', 'NV0002', 0),
('TD0003', N'Tuyển dụng nhân viên Kinh doanh', '2024-03-01', '2024-03-10', 'NV0002', 1),
('TD0004', N'Tuyển dụng thực tập sinh', '2024-04-01', '2024-04-05', 'NV0002', 1),
('TD0005', N'Tuyển dụng nhân viên kế toán', '2024-05-01', '2024-05-15', 'NV0003', 1),
('TD0006', N'Tuyển dụng nhân viên bán hàng', '2024-06-01', '2024-06-10', 'NV0002', -1),
('TD0007', N'Tuyển dụng nhân viên IT', '2024-07-01', '2024-07-10', 'NV0002', 1),
('TD0008', N'Tuyển dụng thực tập sinh', '2024-08-01', '2024-08-10', 'NV0002', -1),
('TD0009', N'Tuyển dụng nhân viên logistics', '2024-09-01', '2024-09-10', 'NV0003', 1),
('TD0010', N'Tuyển dụng nhân viên marketing online', '2024-10-01', '2024-10-10', 'NV0002', 1);
go

-- 7. Thêm hồ sơ tuyển dụng
INSERT INTO HoSoTuyenDung (MaHoSoTuyenDung, HoTen, NgaySinh, GioiTinh, DiaChi, Email, SDT, TrinhDo, MoTaBangCap, KyTuyenDung, TrangThai)
VALUES
('HS0001', N'Nguyễn Văn Hải', '1990-05-12', N'Nam', N'Hoàn Kiếm, Hà Nội', 'nguyenvanhai@gmail.com', '0901000001', N'Cử nhân', N'Tốt nghiệp đại học ngành Công nghệ Thông tin', 'TD0001', -1),
('HS0002', N'Phạm Thị Lan', '1992-07-08', N'Nữ', N'Ba Đình, Hà Nội', 'phamthilan@gmail.com', '0902000002', N'Cử nhân', N'Tốt nghiệp đại học ngành Kinh tế', 'TD0001', -1),
('HS0003', N'Trần Quang Minh', '1991-01-21', N'Nam', N'Tân Bình, Hồ Chí Minh', 'tranquangminh@gmail.com', '0903000003', N'Kỹ sư', N'Tốt nghiệp đại học ngành Cơ khí', 'TD0001', -1),
('HS0004', N'Nguyễn Thị Hoa', '1993-09-15', N'Nữ', N'Hải Phòng', 'nguyenthihhoa@gmail.com', '0904000004', N'Thạc sĩ', N'Tốt nghiệp thạc sĩ ngành Quản trị Kinh doanh', 'TD0001', -1),
('HS0005', N'Lê Văn Đức', '1990-11-30', N'Nam', N'Quận 1, Hồ Chí Minh', 'levanduc@gmail.com', '0905000005', N'Chứng chỉ', N'Chứng chỉ Quản lý Dự án', 'TD0001', -1),
('HS0006', N'Vũ Minh Hà', '1995-02-28', N'Nữ', N'Đống Đa, Hà Nội', 'vuminhha@gmail.com', '0906000006', N'Cử nhân', N'Tốt nghiệp đại học ngành Marketing', 'TD0001', -1),
('HS0007', N'Phan Quốc Hùng', '1988-03-10', N'Nam', N'Thủ Đức, Hồ Chí Minh', 'phanquochung@gmail.com', '0907000007', N'Kỹ sư', N'Tốt nghiệp đại học ngành Xây dựng', 'TD0001', -1),
('HS0008', N'Trịnh Thu Mai', '1994-10-22', N'Nữ', N'Cầu Giấy, Hà Nội', 'trinhthumai@gmail.com', '0908000008', N'Cử nhân', N'Tốt nghiệp đại học ngành Quản trị Tài chính', 'TD0001', -1),
('HS0009', N'Hoàng Minh Trí', '1989-04-05', N'Nam', N'Quận 3, Hồ Chí Minh', 'hoangminhtri@gmail.com', '0909000009', N'Chứng chỉ', N'Chứng chỉ Phân tích Dữ liệu', 'TD0001', -1),
('HS0010', N'Ngô Thị Ngọc', '1993-08-18', N'Nữ', N'Hải Dương', 'ngothingoc@gmail.com', '0910000010', N'Thạc sĩ', N'Tốt nghiệp thạc sĩ ngành Công nghệ Thông tin', 'TD0001', -1),
('HS0011', N'Nguyễn Hoàng Anh', '1992-03-12', N'Nam', N'Thanh Xuân, Hà Nội', 'nguyenhoanganh@gmail.com', '0911000011', N'Cử nhân', N'Tốt nghiệp đại học ngành Công nghệ Thông tin', 'TD0002', -1),
('HS0012', N'Lê Thị Bích', '1990-05-25', N'Nữ', N'Hồng Bàng, Hải Phòng', 'lethibich@gmail.com', '0912000012', N'Cử nhân', N'Tốt nghiệp đại học ngành Marketing', 'TD0002', -1),
('HS0013', N'Phạm Văn Tú', '1991-08-01', N'Nam', N'Gò Vấp, Hồ Chí Minh', 'phamvantu@gmail.com', '0913000013', N'Kỹ sư', N'Tốt nghiệp đại học ngành Xây dựng', 'TD0002', -1),
('HS0014', N'Ngô Thị Hạnh', '1993-07-20', N'Nữ', N'Ninh Kiều, Cần Thơ', 'ngothihanh@gmail.com', '0914000014', N'Thạc sĩ', N'Tốt nghiệp thạc sĩ ngành Quản trị Doanh nghiệp', 'TD0002', -1),
('HS0015', N'Trần Quốc Tuấn', '1989-11-11', N'Nam', N'Thủ Đức, Hồ Chí Minh', 'tranquoctuan@gmail.com', '0915000015', N'Chứng chỉ', N'Chứng chỉ Quản lý Dự án', 'TD0002', -1),
('HS0016', N'Vũ Minh Phương', '1994-04-05', N'Nữ', N'Cầu Giấy, Hà Nội', 'vuminhphuong@gmail.com', '0916000016', N'Cử nhân', N'Tốt nghiệp đại học ngành Tài chính Ngân hàng', 'TD0002', -1),
('HS0017', N'Phan Minh Hùng', '1988-10-15', N'Nam', N'Quận 9, Hồ Chí Minh', 'phanminhhung@gmail.com', '0917000017', N'Kỹ sư', N'Tốt nghiệp đại học ngành Điện tử', 'TD0002', -1),
('HS0018', N'Lê Thị Mai', '1992-06-18', N'Nữ', N'Hoàn Kiếm, Hà Nội', 'lethimai@gmail.com', '0918000018', N'Cử nhân', N'Tốt nghiệp đại học ngành Du lịch', 'TD0002', -1),
('HS0019', N'Nguyễn Đức Anh', '1993-03-10', N'Nam', N'Đống Đa, Hà Nội', 'nguyenducanh@gmail.com', '0919000019', N'Chứng chỉ', N'Chứng chỉ Phân tích Dữ liệu', 'TD0002', -1),
('HS0020', N'Ngô Minh Nguyệt', '1991-12-22', N'Nữ', N'Ba Đình, Hà Nội', 'ngominhnguyet@gmail.com', '0920000020', N'Thạc sĩ', N'Tốt nghiệp thạc sĩ ngành Quản trị Kinh doanh', 'TD0003', 0),
('HS0021', N'Trần Thị Hoa', '1990-09-05', N'Nữ', N'Quận 1, Hồ Chí Minh', 'tranthihoa@gmail.com', '0921000021', N'Cử nhân', N'Tốt nghiệp đại học ngành Kinh tế', 'TD0003', -1),
('HS0030', N'Nguyễn Tiến Dũng', '1987-12-30', N'Nam', N'Tân Phú, Hồ Chí Minh', 'nguyentiendung@gmail.com', '0930000030', N'Chứng chỉ', N'Chứng chỉ Quản lý Dự án', 'TD0004', -1),
('HS0031', N'Phan Thanh Hải', '1992-02-15', N'Nam', N'Quận 1, Hồ Chí Minh', 'phanthanhhai@gmail.com', '0931000031', N'Cử nhân', N'Tốt nghiệp đại học ngành Quản trị Kinh doanh', 'TD0004', 0),
('HS0032', N'Vũ Minh Tuyết', '1993-07-25', N'Nữ', N'Thủ Dầu Một, Bình Dương', 'vuminhtuyet@gmail.com', '0932000032', N'Thạc sĩ', N'Tốt nghiệp thạc sĩ ngành Marketing', 'TD0004', -1),
('HS0033', N'Ngô Hoàng Anh', '1990-09-20', N'Nam', N'Bắc Từ Liêm, Hà Nội', 'ngohonganh@gmail.com', '0933000033', N'Cử nhân', N'Tốt nghiệp đại học ngành Công nghệ Thông tin', 'TD0004', -1),
('HS0034', N'Trần Thị Lan Anh', '1989-05-15', N'Nữ', N'Quận 7, Hồ Chí Minh', 'tranthilananh@gmail.com', '0934000034', N'Kỹ sư', N'Tốt nghiệp đại học ngành Điện tử', 'TD0004', -1),
('HS0035', N'Lê Thị Ngọc', '1991-10-30', N'Nữ', N'Thủ Đức, Hồ Chí Minh', 'lethingoc@gmail.com', '0935000035', N'Cử nhân', N'Tốt nghiệp đại học ngành Tài chính', 'TD0004', -1),
('HS0036', N'Nguyễn Thanh Hoàng', '1992-08-14', N'Nam', N'Vĩnh Long', 'nguyenthanhhoang@gmail.com', '0936000036', N'Cử nhân', N'Tốt nghiệp đại học ngành Kinh tế', 'TD0004', 0),
('HS0037', N'Vũ Minh Tiến', '1990-03-18', N'Nam', N'Hà Đông, Hà Nội', 'vumintien@gmail.com', '0937000037', N'Chứng chỉ', N'Chứng chỉ Quản lý Marketing', 'TD0004', -1),
('HS0038', N'Nguyễn Văn Quang', '1991-01-10', N'Nam', N'Bắc Ninh', 'nguyenvanquang@gmail.com', '0941000038', N'Cử nhân', N'Tốt nghiệp đại học ngành Quản trị Kinh doanh', 'TD0005', -1),
('HS0039', N'Phạm Quang Huy', '1989-04-12', N'Nam', N'Bình Dương', 'phamquanghuy@gmail.com', '0942000039', N'Cử nhân', N'Tốt nghiệp đại học ngành Marketing', 'TD0005', -1),
('HS0040', N'Vũ Thị Minh Châu', '1994-02-09', N'Nữ', N'Vĩnh Phúc', 'vuthiminhchau@gmail.com', '0943000040', N'Kỹ sư', N'Tốt nghiệp đại học ngành Điện tử', 'TD0005', -1),
('HS0041', N'Nguyễn Thị Bích', '1993-11-18', N'Nữ', N'Quận 8, Hồ Chí Minh', 'nguyenthibich@gmail.com', '0944000041', N'Thạc sĩ', N'Tốt nghiệp thạc sĩ ngành Quản trị Kinh doanh', 'TD0005', -1),
('HS0042', N'Hoàng Thị Lan', '1992-07-25', N'Nữ', N'Bắc Giang', 'hoangthilan@gmail.com', '0945000042', N'Cử nhân', N'Tốt nghiệp đại học ngành Tài chính Ngân hàng', 'TD0005', -1),
('HS0043', N'Phan Hoàng Hải', '1991-05-06', N'Nam', N'Bắc Ninh', 'phanhoanghai@gmail.com', '0946000043', N'Cử nhân', N'Tốt nghiệp đại học ngành Kinh tế', 'TD0005', 0),
('HS0044', N'Trần Thị Quỳnh', '1990-09-08', N'Nữ', N'Quận 5, Hồ Chí Minh', 'tranthiquynh@gmail.com', '0947000044', N'Kỹ sư', N'Tốt nghiệp đại học ngành Công nghệ Thực phẩm', 'TD0005', -1),
('HS0045', N'Lê Văn Tài', '1988-12-19', N'Nam', N'Bình Thạnh, Hồ Chí Minh', 'levantai@gmail.com', '0948000045', N'Cử nhân', N'Tốt nghiệp đại học ngành Quản trị Nhân sự', 'TD0005', -1),
('HS0046', N'Nguyễn Thị Lan Anh', '1995-03-14', N'Nữ', N'Hải Dương', 'nguyenthilananh@gmail.com', '0949000046', N'Thạc sĩ', N'Tốt nghiệp thạc sĩ ngành Quản trị Kinh doanh', 'TD0005', -1),
('HS0047', N'Nguyễn Minh Tâm', '1992-04-18', N'Nam', N'Thái Nguyên', 'nguyenminhtam@gmail.com', '0950000047', N'Cử nhân', N'Tốt nghiệp đại học ngành Kỹ thuật Xây dựng', 'TD0006', -1),
('HS0048', N'Vũ Thiết Nhân', '1990-12-25', N'Nam', N'Thủ Đức, Hồ Chí Minh', 'vuthietnhan@gmail.com', '0951000048', N'Thạc sĩ', N'Tốt nghiệp thạc sĩ ngành Quản trị Kinh doanh', 'TD0006', -1),
('HS0049', N'Phan Thị Mai', '1993-08-04', N'Nữ', N'Quảng Nam', 'phanthimai@gmail.com', '0952000049', N'Kỹ sư', N'Tốt nghiệp đại học ngành Cơ khí', 'TD0006', -1),
('HS0050', N'Nguyễn Văn Sơn', '1991-05-30', N'Nam', N'Hải Phòng', 'nguyenvanson@gmail.com', '0953000050', N'Cử nhân', N'Tốt nghiệp đại học ngành Quản lý Kinh doanh', 'TD0006', -1),
('HS0051', N'Lê Hương Lan', '1990-11-12', N'Nữ', N'Vĩnh Phúc', 'lehuonglan@gmail.com', '0954000051', N'Kỹ sư', N'Tốt nghiệp đại học ngành Công nghệ Thực phẩm', 'TD0006', -1),
('HS0052', N'Nguyễn Thị Lan', '1993-07-21', N'Nữ', N'Thái Nguyên', 'nguyenthilan@gmail.com', '0965000052', N'Cử nhân', N'Tốt nghiệp đại học ngành Quản lý Kinh doanh', 'TD0007', -1),
('HS0053', N'Phạm Minh Tuấn', '1991-04-10', N'Nam', N'Hải Dương', 'phamminhtuan@gmail.com', '0966000053', N'Kỹ sư', N'Tốt nghiệp đại học ngành Công nghệ Thực phẩm', 'TD0007', -1),
('HS0054', N'Vũ Thị Mỹ Linh', '1990-06-05', N'Nữ', N'Bắc Giang', 'vuthimylinh@gmail.com', '0967000054', N'Cử nhân', N'Tốt nghiệp đại học ngành Tài chính Ngân hàng', 'TD0007', -1),
('HS0055', N'Trần Quang Vinh', '1992-02-12', N'Nam', N'Thành phố Hồ Chí Minh', 'tranquangvinh@gmail.com', '0968000055', N'Thạc sĩ', N'Tốt nghiệp thạc sĩ ngành Quản trị Kinh doanh', 'TD0007', -1),
('HS0056', N'Nguyễn Tiến Hoàng', '1991-11-20', N'Nam', N'Vĩnh Long', 'nguyentieanhoang@gmail.com', '0969000056', N'Cử nhân', N'Tốt nghiệp đại học ngành Kỹ thuật Điện', 'TD0007', 0),
('HS0057', N'Vũ Thị Thanh', '1994-08-14', N'Nữ', N'Bình Phước', 'vuthithanh@gmail.com', '0970000057', N'Cử nhân', N'Tốt nghiệp đại học ngành Kinh tế', 'TD0007', -1),
('HS0058', N'Lê Quang Tuấn', '1990-10-18', N'Nam', N'Thủ Dầu Một, Bình Dương', 'lequangtuan@gmail.com', '0971000058', N'Kỹ sư', N'Tốt nghiệp đại học ngành Cơ khí', 'TD0007', 0),
('HS0059', N'Phan Thiện Hùng', '1993-03-10', N'Nam', N'Đà Nẵng', 'phanthienhung@gmail.com', '0972000059', N'Cử nhân', N'Tốt nghiệp đại học ngành Quản lý Kinh doanh', 'TD0007', -1),
('HS0060', N'Trần Minh Tú', '1990-09-28', N'Nữ', N'Tây Ninh', 'tranminhtu@gmail.com', '0973000060', N'Thạc sĩ', N'Tốt nghiệp thạc sĩ ngành Quản lý Nhân sự', 'TD0007', -1),
('HS0061', N'Nguyễn Thị Lan', '1994-01-18', N'Nữ', N'Bắc Giang', 'nguyenthilan@gmail.com', '0974000061', N'Cử nhân', N'Tốt nghiệp đại học ngành Quản lý Kinh doanh', 'TD0008', -1),
('HS0062', N'Vũ Minh Tâm', '1990-11-05', N'Nam', N'Hải Phòng', 'vuminhtam@gmail.com', '0975000062', N'Kỹ sư', N'Tốt nghiệp đại học ngành Công nghệ Thực phẩm', 'TD0008', -1),
('HS0063', N'Phạm Thị Hải', '1993-03-11', N'Nữ', N'Thái Bình', 'phamthihai@gmail.com', '0976000063', N'Cử nhân', N'Tốt nghiệp đại học ngành Kinh tế', 'TD0008', -1),
('HS0064', N'Trần Quang Huy', '1991-06-24', N'Nam', N'Hồ Chí Minh', 'tranquanghuy@gmail.com', '0977000064', N'Thạc sĩ', N'Tốt nghiệp thạc sĩ ngành Quản trị Kinh doanh', 'TD0008', -1),
('HS0065', N'Lê Thị Mai', '1992-12-15', N'Nữ', N'Bình Dương', 'lethimai@gmail.com', '0978000065', N'Cử nhân', N'Tốt nghiệp đại học ngành Quản lý Kinh doanh', 'TD0008', -1),
('HS0066', N'Nguyễn Thị Mai', '1990-09-12', N'Nữ', N'Hà Nội', 'nguyenthimai@gmail.com', '0979000066', N'Cử nhân', N'Tốt nghiệp đại học ngành Quản lý Kinh doanh', 'TD0009', -1),
('HS0067', N'Phạm Minh Sơn', '1993-04-21', N'Nam', N'Quảng Ninh', 'phamminhson@gmail.com', '0980000067', N'Kỹ sư', N'Tốt nghiệp đại học ngành Cơ khí', 'TD0009', -1),
('HS0068', N'Vũ Thị Bích', '1992-05-10', N'Nữ', N'Bắc Ninh', 'vuthibich@gmail.com', '0981000068', N'Cử nhân', N'Tốt nghiệp đại học ngành Quản lý Tài chính', 'TD0009', -1),
('HS0069', N'Lê Quang Đức', '1990-11-07', N'Nam', N'Bình Thuận', 'lequangduc@gmail.com', '0982000069', N'Thạc sĩ', N'Tốt nghiệp thạc sĩ ngành Quản lý Kinh doanh', 'TD0009', -1),
('HS0070', N'Trần Minh Hải', '1991-03-15', N'Nam', N'Hải Phòng', 'tranminhhai@gmail.com', '0983000070', N'Cử nhân', N'Tốt nghiệp đại học ngành Quản trị Kinh doanh', 'TD0009', -1),
('HS0071', N'Phan Thị Mai', '1993-02-28', N'Nữ', N'Vĩnh Long', 'phanthimai@gmail.com', '0984000071', N'Cử nhân', N'Tốt nghiệp đại học ngành Marketing', 'TD0009', -1),
('HS0072', N'Vũ Minh Quang', '1990-07-01', N'Nam', N'Quảng Ngãi', 'vuminhquang@gmail.com', '0985000072', N'Thạc sĩ', N'Tốt nghiệp thạc sĩ ngành Quản trị Nhân sự', 'TD0009', -1),
('HS0073', N'Nguyễn Hồng Mai', '1994-12-18', N'Nữ', N'Bắc Giang', 'nguyenhongmai@gmail.com', '0986000073', N'Cử nhân', N'Tốt nghiệp đại học ngành Kinh tế', 'TD0009', -1),
('HS0074', N'Nguyễn Thị Mai', '1990-09-12', N'Nữ', N'Hà Nội', 'nguyenthimai@gmail.com', '0979000066', N'Cử nhân', N'Tốt nghiệp đại học ngành Quản lý Kinh doanh', 'TD0009', -1),
('HS0075', N'Phạm Minh Sơn', '1993-04-21', N'Nam', N'Quảng Ninh', 'phamminhson@gmail.com', '0980000067', N'Kỹ sư', N'Tốt nghiệp đại học ngành Cơ khí', 'TD0009', -1),
('HS0076', N'Vũ Thị Bích', '1992-05-10', N'Nữ', N'Bắc Ninh', 'vuthibich@gmail.com', '0981000068', N'Cử nhân', N'Tốt nghiệp đại học ngành Quản lý Tài chính', 'TD0009', 0),
('HS0077', N'Lê Quang Đức', '1990-11-07', N'Nam', N'Bình Thuận', 'lequangduc@gmail.com', '0982000069', N'Thạc sĩ', N'Tốt nghiệp thạc sĩ ngành Quản lý Kinh doanh', 'TD0010', 1),
('HS0078', N'Trần Minh Hải', '1991-03-15', N'Nam', N'Hải Phòng', 'tranminhhai@gmail.com', '0983000070', N'Cử nhân', N'Tốt nghiệp đại học ngành Quản trị Kinh doanh', 'TD0010', 1),
('HS0079', N'Phan Thị Mai', '1993-02-28', N'Nữ', N'Vĩnh Long', 'phanthimai@gmail.com', '0984000071', N'Cử nhân', N'Tốt nghiệp đại học ngành Marketing', 'TD0010', 0),
('HS0080', N'Vũ Minh Quang', '1990-07-01', N'Nam', N'Quảng Ngãi', 'vuminhquang@gmail.com', '0985000072', N'Thạc sĩ', N'Tốt nghiệp thạc sĩ ngành Quản trị Nhân sự', 'TD0010', 1),
('HS0081', N'Nguyễn Hồng Mai', '1994-12-18', N'Nữ', N'Bắc Giang', 'nguyenhongmai@gmail.com', '0986000073', N'Cử nhân', N'Tốt nghiệp đại học ngành Kinh tế', 'TD0010', 1);
go

-- 8. Thêm nhân viên 2
INSERT INTO NhanVien (MaNhanVien, HoTen, NgaySinh, GioiTinh, DiaChi, Email, SDT, NguoiQuanLy, PhongBan, ChucVu, HoSoGioiThieu, TrangThai)
VALUES
('NV0005', N'Ngô Minh Nguyệt', '1991-12-22', N'Nữ', N'Ba Đình, Hà Nội', 'ngominhnguyet@gmail.com', '0920000020', 'NV0001', 'PB0003', 'CV0009', 'HS0020', 1),
('NV0006', N'Phan Thanh Hải', '1992-02-15', N'Nam', N'Quận 1, Hồ Chí Minh', 'phanthanhhai@gmail.com', '0931000031', 'NV0001', 'PB0003', 'CV0005', 'HS0031', 1),
('NV0007', N'Nguyễn Thanh Hoàng', '1992-08-14', N'Nam', N'Vĩnh Long', 'nguyenthanhhoang@gmail.com', '0936000036', 'NV0001', 'PB0003', 'CV0005', 'HS0036', -1),
('NV0008', N'Phan Hoàng Hải', '1991-05-06', N'Nam', N'Bắc Ninh', 'phanhoanghai@gmail.com', '0946000043', 'NV0002', 'PB0001', 'CV0004', 'HS0043', 1),
('NV0009', N'Nguyễn Tiến Hoàng', '1991-11-20', N'Nam', N'Vĩnh Long', 'nguyentieanhoang@gmail.com', '0969000056', 'NV0004', 'PB0004', 'CV0011', 'HS0056', 1),
('NV0010', N'Lê Quang Tuấn', '1990-10-18', N'Nam', N'Thủ Dầu Một, Bình Dương', 'lequangtuan@gmail.com', '0971000058', 'NV0004', 'PB0004', 'CV0011', 'HS0058', -1),
('NV0011', N'Vũ Thị Bích', '1992-05-10', N'Nữ', N'Bắc Ninh', 'vuthibich@gmail.com', '0981000068', 'NV0001', 'PB0003', 'CV0008', 'HS0076', 1),
('NV0012', N'Phan Thị Mai', '1993-02-28', N'Nữ', N'Vĩnh Long', 'phanthimai@gmail.com', '0984000071', 'NV0001', 'PB0003', 'CV0006', 'HS0079', 1);
go

-- 4. Thêm khen thưởng
INSERT INTO KhenThuong (MaKhenThuong, MaNhanVien, LoaiKhenThuong, ChiTietKhenThuong, GiaTriKhenThuong, NgayKhenThuong, TrangThai)
VALUES
('KT0001', 'NV0001', N'Thưởng chuyên cần', N'Hoàn thành công việc đúng tiến độ', 500000, '2024-01-05', 1),
('KT0002', 'NV0002', N'Thưởng sáng tạo', N'Đề xuất ý tưởng cải tiến quy trình', 700000, '2024-01-15', 1),
('KT0003', 'NV0001', N'Thưởng nhóm', N'Hỗ trợ tốt trong dự án ', 600000, '2024-01-20', 1),
('KT0004', 'NV0004', N'Thưởng chuyên môn', N'Thành tích tốt trong kiểm tra chất lượng', 800000, '2024-01-25', 1),
('KT0005', 'NV0005', N'Thưởng khuyến khích', N'Hoàn thành công việc sớm hơn dự kiến', 900000, '2024-02-01', 1),
('KT0006', 'NV0006', N'Thưởng sáng kiến', N'Đưa ra giải pháp tối ưu hóa chi phí', 750000, '2024-02-10', 1),
('KT0007', 'NV0003', N'Thưởng hỗ trợ đồng nghiệp', N'Tích cực trong các hoạt động nhóm', 850000, '2024-02-18', 1),
('KT0008', 'NV0008', N'Thưởng tiến bộ', N'Cải thiện năng suất làm việc đáng kể', 950000, '2024-02-25', 1),
('KT0009', 'NV0002', N'Thưởng động viên', N'Duy trì hiệu suất làm việc ổn định', 550000, '2024-03-05', -1),
('KT0010', 'NV0012', N'Thưởng khuyến khích học tập', N'Hoàn thành khóa học chuyên ngành', 650000, '2024-03-10', 1),
('KT0011', 'NV0011', N'Thưởng sự kiện', N'Đóng góp trong tổ chức sự kiện công ty', 500000, '2024-03-15', 1),
('KT0012', 'NV0008', N'Thưởng tinh thần làm việc', N'Tích cực trong các hoạt động nội bộ', 900000, '2024-03-20', 1),
('KT0013', 'NV0002', N'Thưởng đột xuất', N'Phản ứng nhanh trong tình huống khẩn cấp', 700000, '2024-03-25', 1),
('KT0014', 'NV0001', N'Thưởng đội nhóm', N'Góp phần đạt mục tiêu nhóm', 800000, '2024-04-01', 1),
('KT0015', 'NV0005', N'Thưởng chuyên môn cao', N'Hoàn thành nhiệm vụ đặc biệt', 950000, '2024-04-10', -1),
('KT0016', 'NV0002', N'Thưởng nhân viên mới', N'Hòa nhập nhanh và đạt hiệu suất tốt', 600000, '2024-04-15', 1),
('KT0017', 'NV0009', N'Thưởng chăm chỉ', N'Duy trì tiến độ làm việc ổn định', 550000, '2024-04-20', -1),
('KT0018', 'NV0008', N'Thưởng tiết kiệm', N'Đề xuất giảm thiểu chi phí vận hành', 850000, '2024-04-25', 1),
('KT0019', 'NV0004', N'Thưởng kỹ năng giao tiếp', N'Hỗ trợ tốt khách hàng trong dự án', 750000, '2024-05-05', 0),
('KT0020', 'NV0003', N'Thưởng tập thể', N'Góp phần quan trọng vào thành công chung', 900000, '2024-05-10', 0);
go

-- 5. Thêm hồ sơ kỷ luật
INSERT INTO HoSoKyLuat (MaHoSoKyLuat, MaNhanVien, ChiTietViPham, HinhThucKyLuat, TacDongKyLuat, BienPhapKhacPhuc, NgayGhiNhan, MucPhat, ThoiGianApDung, TrangThai)
VALUES
('KL0001', 'NV0001', N'Đi làm muộn nhiều lần', N'Cảnh cáo', N'Ảnh hưởng đến năng suất', N'Tăng cường giám sát', '2024-01-10', 500000, '2024-01-15', 1),
('KL0002', 'NV0002', N'Không tuân thủ nội quy phòng cháy chữa cháy', N'Khiển trách', N'Gây nguy cơ mất an toàn', N'Tập huấn bổ sung', '2024-01-12', 300000, '2024-01-20', 1),
('KL0003', 'NV0005', N'Làm thất lạc tài liệu quan trọng', N'Trừ lương', N'Gây thiệt hại tài sản công ty', N'Rà soát quy trình lưu trữ', '2024-01-18', 1000000, '2024-01-25', 1),
('KL0004', 'NV0004', N'Tu từ thiếu trung thực', N'Bỏ khen thưởng', N'Mất lòng tin đồng nghiệp', N'Tham gia huấn luyện đạo đức', '2024-02-01', 0, '2024-02-05', 1),
('KL0005', 'NV0005', N'Vi phạm quy định giờ nghỉ trưa', N'Cảnh cáo', N'Ảnh hưởng đến môi trường làm việc', N'Tuyên truyền quy định', '2024-02-15', 500000, '2024-02-20', 1),
('KL0006', 'NV0003', N'Sử dụng tài sản công ty sai mục đích', N'Trừ lương', N'Làm giảm uy tín công ty', N'Bồi hoàn tài sản', '2024-03-01', 800000, '2024-03-10', 1),
('KL0007', 'NV0002', N'Không nộp báo cáo đúng hạn', N'Khiển trách', N'Gây chậm tiến độ công việc', N'Lập kế hoạch làm việc chi tiết', '2024-03-12', 400000, '2024-03-20', 1),
('KL0008', 'NV0008', N'Sử dụng ngôn từ thiếu văn hóa', N'Cảnh cáo', N'Tạo môi trường không thoải mái', N'Tham gia khóa học giao tiếp', '2024-03-22', 500000, '2024-03-30', 1),
('KL0009', 'NV0004', N'Trễ tiến độ dự án', N'Trừ lương', N'Gây thiệt hại tài chính', N'Lên lịch làm việc lại', '2024-04-05', 700000, '2024-04-15', 1),
('KL0010', 'NV0012', N'Tiêu xài quỹ sai mục đích', N'Sa thải', N'Mất lòng tin từ công ty', N'Thanh toán bồi hoàn', '2024-04-20', 0, '2024-05-01', -1);
go



-- 10. Thêm thông báo 
INSERT INTO BangThongBao (MaThongBao, NoiDung, NguoiBanHanh, NgayBanHanh, TrangThai)
VALUES
('TB0001', N'Thông báo trả lương tháng 1/2024.', 'NV0001', '2024-01-03', 1),
('TB0002', N'Thông báo họp tổng kết quý 4 năm 2023.', 'NV0003', '2024-01-05', 1),
('TB0003', N'Chương trình thiện nguyện đầu xuân.', 'NV0002', '2024-01-15', 1),
('TB0004', N'Nghỉ Tết Nguyên Đán từ ngày 29/01 đến 10/02.', 'NV0002', '2024-01-20', 1),
('TB0005', N'Thông báo trả lương tháng 2/2024.', 'NV0001', '2024-02-03', 1),
('TB0006', N'Chương trình triển khai kế hoạch Quý I/2024.', 'NV0003', '2024-02-10', 1),
('TB0007', N'Thông báo trả lương tháng 3/2024.', 'NV0001', '2024-03-05', 1),
('TB0008', N'Hội thao công ty kỷ niệm ngày thành lập.', 'NV0002', '2024-03-20', 1),
('TB0009', N'Thông báo trả lương tháng 4/2024.', 'NV0001', '2024-04-03', 1),
('TB0010', N'Thông báo nghỉ lễ Giỗ Tổ Hùng Vương (10/03 Âm lịch).', 'NV0002', '2024-04-10', 1),
('TB0011', N'Họp báo cáo kết quả Quý I/2024.', 'NV0003', '2024-04-15', 1),
('TB0012', N'Thông báo trả lương tháng 5/2024.', 'NV0001', '2024-05-03', 1),
('TB0013', N'Thông báo nghỉ lễ 30/04 và 01/05.', 'NV0002', '2024-04-25', 1),
('TB0014', N'Ngày hội giao lưu văn hóa và thể thao.', 'NV0002', '2024-05-20', 1),
('TB0015', N'Thông báo trả lương tháng 6/2024.', 'NV0001', '2024-06-03', 1),
('TB0016', N'Họp triển khai kế hoạch Quý II/2024.', 'NV0003', '2024-06-10', 1),
('TB0017', N'Chương trình từ thiện hỗ trợ trẻ em khó khăn.', 'NV0002', '2024-06-15', 1),
('TB0018', N'Thông báo nghỉ Quốc tế Lao động (01/05).', 'NV0002', '2024-04-20', 1),
('TB0019', N'Hội thảo đào tạo kỹ năng quản lý nhân sự.', 'NV0002', '2024-06-20', 1),
('TB0020', N'Tiệc tổng kết nửa đầu năm 2024.', 'NV0003', '2024-06-30', 1),
('TB0021', N'Thông báo trả lương tháng 7/2024.', 'NV0001', '2024-07-03', 1),
('TB0022', N'Họp sơ kết tình hình kinh doanh 6 tháng đầu năm.', 'NV0003', '2024-07-10', 1),
('TB0023', N'Thông báo nghỉ lễ Quốc khánh 02/09.', 'NV0002', '2024-07-25', 1),
('TB0024', N'Thông báo trả lương tháng 8/2024.', 'NV0001', '2024-08-03', 1),
('TB0025', N'Hội thảo nâng cao kỹ năng IT.', 'NV0004', '2024-08-10', 1),
('TB0026', N'Chương trình giao lưu văn nghệ mùa thu.', 'NV0002', '2024-08-20', 1),
('TB0027', N'Thông báo trả lương tháng 9/2024.', 'NV0001', '2024-09-03', 1),
('TB0028', N'Họp triển khai kế hoạch Quý III/2024.', 'NV0003', '2024-09-10', 1),
('TB0029', N'Thông báo kiểm tra an toàn hệ thống CNTT.', 'NV0004', '2024-09-15', 1),
('TB0030', N'Thông báo trả lương tháng 10/2024.', 'NV0001', '2024-10-03', 1),
('TB0031', N'Hội nghị đào tạo nhân sự cấp cao.', 'NV0003', '2024-10-10', 1),
('TB0032', N'Chương trình từ thiện Mùa Đông ấm áp.', 'NV0002', '2024-10-20', 1),
('TB0033', N'Thông báo bảo trì hệ thống CNTT định kỳ.', 'NV0004', '2024-10-25', 1);
go

-- 13. Thêm dự án
INSERT INTO DuAn (MaDuAn, TenDuAn, MoTa, NgayBatDau, NgayKetThuc, QuanLyDuAn, PhongBanPhuTrach, TrangThai)
VALUES 
('DA0001', N'Quản lý tài chính 2024', N'Dự án cải tiến quy trình kế toán', '2024-01-01', '2024-06-30', 'NV0002', 'PB0001', 1),
('DA0002', N'Hệ thống nhân sự mới', N'Phát triển hệ thống quản lý nhân sự', '2024-02-01', '2024-09-30', 'NV0003', 'PB0002', 1),
('DA0003', N'Mở rộng thị trường 2024', N'Tăng cường hoạt động kinh doanh ở khu vực mới', '2024-01-15', '2024-12-31', 'NV0001', 'PB0003', 1),
('DA0004', N'Hỗ trợ kỹ thuật nội bộ', N'Cải thiện hệ thống IT nội bộ', '2024-01-10', '2024-07-31', 'NV0004', 'PB0004', 1),
('DA0005', N'Nâng cấp phần mềm CRM', N'Phát triển và nâng cấp hệ thống CRM', '2024-03-01', '2024-10-31', 'NV0004', 'PB0004', 1),
('DA0006', N'Chiến dịch quảng bá thương hiệu', N'Tăng cường nhận diện thương hiệu trong nước', '2024-02-15', '2024-08-31', 'NV0001', 'PB0003', 1),
('DA0007', N'Phân tích dữ liệu kinh doanh', N'Xây dựng hệ thống phân tích dữ liệu bán hàng', '2024-01-20', '2024-05-31', 'NV0001', 'PB0003', 1),
('DA0008', N'Tuyển dụng nhân tài', N'Tìm kiếm và thu hút nhân sự chất lượng cao', '2024-02-01', '2024-07-31', 'NV0003', 'PB0002', 1),
('DA0009', N'Bảo mật dữ liệu công ty', N'Triển khai giải pháp bảo mật dữ liệu', '2024-03-15', '2024-12-31', 'NV0004', 'PB0004', 1),
('DA0010', N'Đào tạo nhân viên mới', N'Chương trình đào tạo nhân viên mới năm 2024', '2024-01-01', '2024-04-30', 'NV0003', 'PB0002', 1);
go

-- 14. Thêm chấm công
INSERT INTO BangChamCong (MaBangChamCong, ThangNam, GioVaoCa)
VALUES
('CC0001', '2024-10-01', '07:30'),
('CC0002', '2024-10-01', '13:30'),
('CC0003', '2024-10-02', '07:30'),
('CC0004', '2024-10-02', '13:30'),
('CC0005', '2024-10-03', '07:30'),
('CC0006', '2024-10-03', '13:30'),
('CC0007', '2024-10-06', '07:30'),
('CC0008', '2024-10-06', '13:30'),
('CC0009', '2024-10-07', '07:30'),
('CC0010', '2024-10-07', '13:30'),
('CC0011', '2024-10-08', '07:30'),
('CC0012', '2024-10-08', '13:30'),
('CC0013', '2024-10-09', '07:30'),
('CC0014', '2024-10-09', '13:30'),
('CC0015', '2024-10-10', '07:30'),
('CC0016', '2024-10-10', '13:30'),
('CC0017', '2024-10-13', '07:30'),
('CC0018', '2024-10-13', '13:30'),
('CC0019', '2024-10-14', '07:30'),
('CC0020', '2024-10-14', '13:30'),
('CC0021', '2024-10-15', '07:30'),
('CC0022', '2024-10-15', '13:30'),
('CC0023', '2024-10-16', '07:30'),
('CC0024', '2024-10-16', '13:30'),
('CC0025', '2024-10-17', '07:30'),
('CC0026', '2024-10-17', '13:30'),
('CC0027', '2024-10-20', '07:30'),
('CC0028', '2024-10-20', '13:30'),
('CC0029', '2024-10-21', '07:30'),
('CC0030', '2024-10-21', '13:30'),
('CC0031', '2024-10-22', '07:30'),
('CC0032', '2024-10-22', '13:30'),
('CC0033', '2024-10-23', '07:30'),
('CC0034', '2024-10-23', '13:30'),
('CC0035', '2024-10-24', '07:30'),
('CC0036', '2024-10-24', '13:30'),
('CC0037', '2024-10-27', '07:30'),
('CC0038', '2024-10-27', '13:30'),
('CC0039', '2024-10-28', '07:30'),
('CC0040', '2024-10-28', '13:30'),
('CC0041', '2024-10-29', '07:30'),
('CC0042', '2024-10-29', '13:30'),
('CC0043', '2024-10-30', '07:30'),
('CC0044', '2024-10-30', '13:30'),
('CC0045', '2024-10-31', '07:30'),
('CC0046', '2024-10-31', '13:30');
 
 -- 15. Thêm bảng lương
INSERT INTO BangLuong (MaNhanVien, ThangNam, PhuCap, KhauTru, LuongThucNhan)
VALUES
('NV0001', '2024-09-10', 1000000, 200000, 25800000),
('NV0002', '2024-09-10', 1000000, 200000, 25800000),
('NV0003', '2024-09-10', 1000000, 200000, 25800000),
('NV0004', '2024-09-10', 1000000, 200000, 25800000),
('NV0005', '2024-09-10', 700000, 200000, 8500000),
('NV0006', '2024-09-10', 500000, 100000, 5400000),
('NV0008', '2024-09-10', 600000, 150000, 8450000),
('NV0009', '2024-09-10', 1100000, 250000, 9850000),
('NV0011', '2024-09-10', 1000000, 300000, 9200000),
('NV0012', '2024-09-10', 900000, 200000, 9200000),

('NV0001', '2024-10-10', 1000000, 200000, 25800000),
('NV0002', '2024-10-10', 1000000, 200000, 25800000),
('NV0003', '2024-10-10', 1000000, 200000, 25800000),
('NV0004', '2024-10-10', 1000000, 200000, 25800000),
('NV0005', '2024-10-10', 700000, 200000, 8500000),
('NV0006', '2024-10-10', 500000, 100000, 5400000),
('NV0008', '2024-10-10', 600000, 150000, 8450000),
('NV0009', '2024-10-10', 1100000, 250000, 9850000),
('NV0011', '2024-10-10', 1000000, 300000, 9200000),
('NV0012', '2024-10-10', 900000, 200000, 9200000);
go

-- 16. Thêm chi tiết tham gia phúc lợi
INSERT INTO ChiTietPhucLoiNhanVien (MaPhucLoi, MaNhanVien)
VALUES
('PL0001', 'NV0001'), 
('PL0002', 'NV0002'), 
('PL0003', 'NV0001'), 
('PL0004', 'NV0004'), 
('PL0005', 'NV0005'), 
('PL0006', 'NV0006'), 
('PL0007', 'NV0003'), 
('PL0008', 'NV0008'), 
('PL0009', 'NV0002'), 
('PL0010', 'NV0012'), 
('PL0011', 'NV0011'), 
('PL0012', 'NV0008'), 
('PL0013', 'NV0002'), 
('PL0014', 'NV0001'), 
('PL0015', 'NV0005'), 
('PL0016', 'NV0002'), 
('PL0017', 'NV0009'), 
('PL0018', 'NV0008'), 
('PL0019', 'NV0004'), 
('PL0020', 'NV0003'); 
go

-- 17. Thêm chi tiết dự án nhân viên
INSERT INTO ChiTietDuAnNhanVien (MaDuAn, MaNhanVien)
VALUES
('DA0001', 'NV0001'),
('DA0001', 'NV0006'),
('DA0002', 'NV0003'),
('DA0002', 'NV0012'),
('DA0003', 'NV0001'),
('DA0003', 'NV0005'),
('DA0004', 'NV0004'),
('DA0004', 'NV0009'),
('DA0005', 'NV0004'),
('DA0006', 'NV0001'),
('DA0007', 'NV0011'),
('DA0007', 'NV0006'),
('DA0008', 'NV0003'),
('DA0008', 'NV0008'),
('DA0009', 'NV0004'),
('DA0010', 'NV0003'),
('DA0010', 'NV0012');
go

-- 2. Thêm tài khoản
INSERT INTO TaiKhoan (MaTaiKhoan, TenTaiKhoan, MatKhau, MaNhanVien, MaQuyen, TrangThai)
VALUES 
('TK0001', 'vanle', '123456', 'NV0001', 'Q003', 1),
('TK0002', 'minhnguyenvan', 'abcdef', 'NV0002', 'Q003', 1),
('TK0003', 'nguyenhau', 'abcdef', 'NV0003', 'Q003', 1),
('TK0004', 'nguyetnguyen', 'password', 'NV0004', 'Q002', 1),
('TK0005', 'minhnguyet', '123456', 'NV0005', 'Q002', 1),
('TK0006', 'haiphan', 'abcdef', 'NV0006', 'Q002', 1),
('TK0007', 'hoangnguyen', 'abcdef', 'NV0007', 'Q002', -1),
('TK0008', 'hoanghai', 'password', 'NV0008', 'Q002', 1),
('TK0009', 'tienhoang', '123456', 'NV0009', 'Q001', 1),
('TK0010', 'tuanle', 'abcdef', 'NV0010', 'Q001', -1),
('TK0011', 'bichvu', 'abcdef', 'NV0011', 'Q002', 1),
('TK0012', 'maiphan', 'password', 'NV0012', 'Q002', 1);
go

-- 18. Thêm chi tiết chấm công
INSERT INTO ChiTietNhanVienChamCong (MaBangChamCong, MaNhanVien, MaQuanLyNhanSu, NgayGioChamCong, TrangThai)
VALUES
('CC0001', 'NV0001', 'NV0002', '2024-11-01 07:25:00', 1), 
('CC0001', 'NV0002', 'NV0002', '2024-11-01 13:15:00', 1), 
('CC0001', 'NV0003', 'NV0002', '2024-11-01 07:05:00', 1), 
('CC0001', 'NV0004', 'NV0002', '2024-11-01 13:15:00', 1), 
('CC0001', 'NV0005', 'NV0002', '2024-11-01 07:05:00', 1), 
('CC0001', 'NV0006', 'NV0002', '2024-11-01 13:15:00', 1), 
('CC0001', 'NV0008', 'NV0002', '2024-11-01 07:05:00', 1), 
('CC0001', 'NV0009', 'NV0002', '2024-11-01 13:45:00', 0), 
('CC0001', 'NV0011', 'NV0002', '2024-11-01 07:05:00', 1), 
('CC0001', 'NV0012', 'NV0002', '2024-11-01 13:15:00', 1), 

('CC0002', 'NV0001', 'NV0002', '2024-11-01 07:05:00', 1), 
('CC0002', 'NV0002', 'NV0002', '2024-11-01 13:15:00', 1), 
('CC0002', 'NV0003', 'NV0002', '2024-11-01 07:05:00', 1), 
('CC0002', 'NV0004', 'NV0002', '2024-11-01 13:15:00', 1), 
('CC0002', 'NV0005', 'NV0002', '2024-11-01 07:05:00', 1), 
('CC0002', 'NV0006', 'NV0002', '2024-11-01 13:15:00', 1), 
('CC0002', 'NV0008', 'NV0002', '2024-11-01 07:35:00', 0), 
('CC0002', 'NV0009', 'NV0002', '2024-11-01 13:15:00', 1), 
('CC0002', 'NV0011', 'NV0002', '2024-11-01 07:05:00', 1), 
('CC0002', 'NV0012', 'NV0002', '2024-11-01 13:15:00', 1),

('CC0003', 'NV0001', 'NV0002', '2024-11-01 07:15:00', 1), 
('CC0003', 'NV0002', 'NV0002', '2024-11-01 13:15:00', 1), 
('CC0003', 'NV0003', 'NV0002', '2024-11-01 07:05:00', 1), 
('CC0003', 'NV0004', 'NV0002', '2024-11-01 13:15:00', 1), 
('CC0003', 'NV0005', 'NV0002', '2024-11-01 07:05:00', 1), 
('CC0003', 'NV0006', 'NV0002', '2024-11-01 13:15:00', 1), 
('CC0003', 'NV0008', 'NV0002', '2024-11-01 07:25:00', 1), 
('CC0003', 'NV0009', 'NV0002', '2024-11-01 13:15:00', 1), 
('CC0003', 'NV0011', 'NV0002', '2024-11-01 07:05:00', 1), 
('CC0003', 'NV0012', 'NV0002', '2024-11-01 13:15:00', 1),

('CC0004', 'NV0001', 'NV0002', '2024-11-01 07:15:00', 1), 
('CC0004', 'NV0002', 'NV0002', '2024-11-01 13:15:00', 1), 
('CC0004', 'NV0003', 'NV0002', '2024-11-01 07:05:00', 1), 
('CC0004', 'NV0004', 'NV0002', '2024-11-01 13:15:00', 1), 
('CC0004', 'NV0005', 'NV0002', '2024-11-01 07:05:00', 1), 
('CC0004', 'NV0006', 'NV0002', '2024-11-01 13:15:00', 1), 
('CC0004', 'NV0008', 'NV0002', '2024-11-01 07:25:00', 1), 
('CC0004', 'NV0009', 'NV0002', '2024-11-01 13:15:00', 1), 
('CC0004', 'NV0011', 'NV0002', '2024-11-01 07:05:00', 1), 
('CC0004', 'NV0012', 'NV0002', '2024-11-01 13:15:00', 1),

('CC0005', 'NV0001', 'NV0002', '2024-11-01 07:35:00', 0), 
('CC0005', 'NV0002', 'NV0002', '2024-11-01 13:15:00', 1), 
('CC0005', 'NV0003', 'NV0002', '2024-11-01 07:05:00', 1), 
('CC0005', 'NV0004', 'NV0002', '2024-11-01 13:15:00', 1), 
('CC0005', 'NV0005', 'NV0002', '2024-11-01 07:05:00', 1), 
('CC0005', 'NV0006', 'NV0002', '2024-11-01 13:15:00', 1), 
('CC0005', 'NV0008', 'NV0002', '2024-11-01 07:25:00', 1), 
('CC0005', 'NV0009', 'NV0002', '2024-11-01 13:15:00', 1), 
('CC0005', 'NV0011', 'NV0002', '2024-11-01 07:05:00', 1), 
('CC0005', 'NV0012', 'NV0002', '2024-11-01 13:15:00', 1),

('CC0006', 'NV0001', 'NV0002', '2024-11-01 07:15:00', 1), 
('CC0006', 'NV0002', 'NV0002', '2024-11-01 13:15:00', 1), 
('CC0006', 'NV0003', 'NV0002', '2024-11-01 07:05:00', 1), 
('CC0006', 'NV0004', 'NV0002', '2024-11-01 13:15:00', 1), 
('CC0006', 'NV0005', 'NV0002', '2024-11-01 07:05:00', 1), 
('CC0006', 'NV0006', 'NV0002', '2024-11-01 13:45:00', 0), 
('CC0006', 'NV0008', 'NV0002', '2024-11-01 07:25:00', 1), 
('CC0006', 'NV0009', 'NV0002', '2024-11-01 13:15:00', 1), 
('CC0006', 'NV0011', 'NV0002', '2024-11-01 07:05:00', 1), 
('CC0006', 'NV0012', 'NV0002', '2024-11-01 13:15:00', 1),

('CC0007', 'NV0001', 'NV0002', '2024-11-01 07:15:00', 1), 
('CC0007', 'NV0002', 'NV0002', '2024-11-01 13:15:00', 1), 
('CC0007', 'NV0003', 'NV0002', '2024-11-01 07:05:00', 1), 
('CC0007', 'NV0004', 'NV0002', '2024-11-01 13:15:00', 1), 
('CC0007', 'NV0005', 'NV0002', '2024-11-01 07:05:00', 1), 
('CC0007', 'NV0006', 'NV0002', '2024-11-01 13:15:00', 1), 
('CC0007', 'NV0008', 'NV0002', '2024-11-01 07:25:00', 1), 
('CC0007', 'NV0009', 'NV0002', '2024-11-01 13:15:00', 1), 
('CC0007', 'NV0011', 'NV0002', '2024-11-01 07:05:00', 1), 
('CC0007', 'NV0012', 'NV0002', '2024-11-01 13:15:00', 1),

('CC0008', 'NV0001', 'NV0002', '2024-11-01 07:15:00', 1), 
('CC0008', 'NV0002', 'NV0002', '2024-11-01 13:15:00', 1), 
('CC0008', 'NV0003', 'NV0002', '2024-11-01 07:05:00', 1), 
('CC0008', 'NV0004', 'NV0002', '2024-11-01 13:15:00', 1), 
('CC0008', 'NV0005', 'NV0002', '2024-11-01 07:05:00', 1), 
('CC0008', 'NV0006', 'NV0002', '2024-11-01 13:15:00', 1), 
('CC0008', 'NV0008', 'NV0002', '2024-11-01 07:25:00', 1), 
('CC0008', 'NV0009', 'NV0002', '2024-11-01 13:15:00', 1), 
('CC0008', 'NV0011', 'NV0002', '2024-11-01 07:05:00', 1), 
('CC0008', 'NV0012', 'NV0002', '2024-11-01 13:15:00', 1),

('CC0009', 'NV0001', 'NV0002', '2024-11-01 07:15:00', 1), 
('CC0009', 'NV0002', 'NV0002', '2024-11-01 13:15:00', 1), 
('CC0009', 'NV0003', 'NV0002', '2024-11-01 07:05:00', 1), 
('CC0009', 'NV0004', 'NV0002', '2024-11-01 13:15:00', 1), 
('CC0009', 'NV0005', 'NV0002', '2024-11-01 07:05:00', 1), 
('CC0009', 'NV0006', 'NV0002', '2024-11-01 13:15:00', 1), 
('CC0009', 'NV0008', 'NV0002', '2024-11-01 07:25:00', 1), 
('CC0009', 'NV0009', 'NV0002', '2024-11-01 13:35:00', 0), 
('CC0009', 'NV0011', 'NV0002', '2024-11-01 07:05:00', 1), 
('CC0009', 'NV0012', 'NV0002', '2024-11-01 13:15:00', 1),

('CC0010', 'NV0001', 'NV0002', '2024-11-01 07:15:00', 1), 
('CC0010', 'NV0002', 'NV0002', '2024-11-01 13:15:00', 1), 
('CC0010', 'NV0003', 'NV0002', '2024-11-01 07:05:00', 1), 
('CC0010', 'NV0004', 'NV0002', '2024-11-01 13:15:00', 1), 
('CC0010', 'NV0005', 'NV0002', '2024-11-01 07:05:00', 1), 
('CC0010', 'NV0006', 'NV0002', '2024-11-01 13:15:00', 1), 
('CC0010', 'NV0008', 'NV0002', '2024-11-01 07:25:00', 1), 
('CC0010', 'NV0009', 'NV0002', '2024-11-01 13:35:00', 0), 
('CC0010', 'NV0011', 'NV0002', '2024-11-01 07:05:00', 1), 
('CC0010', 'NV0012', 'NV0002', '2024-11-01 13:15:00', 1),

('CC0011', 'NV0001', 'NV0002', '2024-11-01 07:25:00', 1), 
('CC0011', 'NV0002', 'NV0002', '2024-11-01 13:15:00', 1), 
('CC0011', 'NV0003', 'NV0002', '2024-11-01 07:05:00', 1), 
('CC0011', 'NV0004', 'NV0002', '2024-11-01 13:15:00', 1), 
('CC0011', 'NV0005', 'NV0002', '2024-11-01 07:05:00', 1), 
('CC0011', 'NV0006', 'NV0002', '2024-11-01 13:15:00', 1), 
('CC0011', 'NV0008', 'NV0002', '2024-11-01 07:05:00', 1), 
('CC0011', 'NV0009', 'NV0002', '2024-11-01 13:45:00', 0), 
('CC0011', 'NV0011', 'NV0002', '2024-11-01 07:05:00', 1), 
('CC0011', 'NV0012', 'NV0002', '2024-11-01 13:15:00', 1), 

('CC0012', 'NV0001', 'NV0002', '2024-11-01 07:05:00', 1), 
('CC0012', 'NV0002', 'NV0002', '2024-11-01 13:15:00', 1), 
('CC0012', 'NV0003', 'NV0002', '2024-11-01 07:05:00', 1), 
('CC0012', 'NV0004', 'NV0002', '2024-11-01 13:15:00', 1), 
('CC0012', 'NV0005', 'NV0002', '2024-11-01 07:05:00', 1), 
('CC0012', 'NV0006', 'NV0002', '2024-11-01 13:15:00', 1), 
('CC0012', 'NV0008', 'NV0002', '2024-11-01 07:35:00', 0), 
('CC0012', 'NV0009', 'NV0002', '2024-11-01 13:15:00', 1), 
('CC0012', 'NV0011', 'NV0002', '2024-11-01 07:05:00', 1), 
('CC0012', 'NV0012', 'NV0002', '2024-11-01 13:15:00', 1),

('CC0013', 'NV0001', 'NV0002', '2024-11-01 07:15:00', 1), 
('CC0013', 'NV0002', 'NV0002', '2024-11-01 13:15:00', 1), 
('CC0013', 'NV0003', 'NV0002', '2024-11-01 07:05:00', 1), 
('CC0013', 'NV0004', 'NV0002', '2024-11-01 13:15:00', 1), 
('CC0013', 'NV0005', 'NV0002', '2024-11-01 07:05:00', 1), 
('CC0013', 'NV0006', 'NV0002', '2024-11-01 13:15:00', 1), 
('CC0013', 'NV0008', 'NV0002', '2024-11-01 07:25:00', 1), 
('CC0013', 'NV0009', 'NV0002', '2024-11-01 13:15:00', 1), 
('CC0013', 'NV0011', 'NV0002', '2024-11-01 07:05:00', 1), 
('CC0013', 'NV0012', 'NV0002', '2024-11-01 13:15:00', 1),

('CC0014', 'NV0001', 'NV0002', '2024-11-01 07:15:00', 1), 
('CC0014', 'NV0002', 'NV0002', '2024-11-01 13:15:00', 1), 
('CC0014', 'NV0003', 'NV0002', '2024-11-01 07:05:00', 1), 
('CC0014', 'NV0004', 'NV0002', '2024-11-01 13:15:00', 1), 
('CC0014', 'NV0005', 'NV0002', '2024-11-01 07:05:00', 1), 
('CC0014', 'NV0006', 'NV0002', '2024-11-01 13:15:00', 1), 
('CC0014', 'NV0008', 'NV0002', '2024-11-01 07:25:00', 1), 
('CC0014', 'NV0009', 'NV0002', '2024-11-01 13:15:00', 1), 
('CC0014', 'NV0011', 'NV0002', '2024-11-01 07:05:00', 1), 
('CC0014', 'NV0012', 'NV0002', '2024-11-01 13:15:00', 1),

('CC0015', 'NV0001', 'NV0002', '2024-11-01 07:15:00', 1), 
('CC0015', 'NV0002', 'NV0002', '2024-11-01 13:15:00', 1), 
('CC0015', 'NV0003', 'NV0002', '2024-11-01 07:05:00', 1), 
('CC0015', 'NV0004', 'NV0002', '2024-11-01 13:15:00', 1), 
('CC0015', 'NV0005', 'NV0002', '2024-11-01 07:05:00', 1), 
('CC0015', 'NV0006', 'NV0002', '2024-11-01 13:15:00', 1), 
('CC0015', 'NV0008', 'NV0002', '2024-11-01 07:25:00', 1), 
('CC0015', 'NV0009', 'NV0002', '2024-11-01 13:15:00', 1), 
('CC0015', 'NV0011', 'NV0002', '2024-11-01 07:05:00', 1), 
('CC0015', 'NV0012', 'NV0002', '2024-11-01 13:15:00', 1),

('CC0016', 'NV0001', 'NV0002', '2024-11-01 07:15:00', 1), 
('CC0016', 'NV0002', 'NV0002', '2024-11-01 13:15:00', 1), 
('CC0016', 'NV0003', 'NV0002', '2024-11-01 07:05:00', 1), 
('CC0016', 'NV0004', 'NV0002', '2024-11-01 13:15:00', 1), 
('CC0016', 'NV0005', 'NV0002', '2024-11-01 07:05:00', 1), 
('CC0016', 'NV0006', 'NV0002', '2024-11-01 13:15:00', 1), 
('CC0016', 'NV0008', 'NV0002', '2024-11-01 07:25:00', 1), 
('CC0016', 'NV0009', 'NV0002', '2024-11-01 13:15:00', 1), 
('CC0016', 'NV0011', 'NV0002', '2024-11-01 07:05:00', 1), 
('CC0016', 'NV0012', 'NV0002', '2024-11-01 13:15:00', 1),

('CC0017', 'NV0001', 'NV0002', '2024-11-01 07:15:00', 1), 
('CC0017', 'NV0002', 'NV0002', '2024-11-01 13:15:00', 1), 
('CC0017', 'NV0003', 'NV0002', '2024-11-01 07:05:00', 1), 
('CC0017', 'NV0004', 'NV0002', '2024-11-01 13:15:00', 1), 
('CC0017', 'NV0005', 'NV0002', '2024-11-01 07:05:00', 1), 
('CC0017', 'NV0006', 'NV0002', '2024-11-01 13:15:00', 1), 
('CC0017', 'NV0008', 'NV0002', '2024-11-01 07:25:00', 1), 
('CC0017', 'NV0009', 'NV0002', '2024-11-01 13:15:00', 1), 
('CC0017', 'NV0011', 'NV0002', '2024-11-01 07:05:00', 1), 
('CC0017', 'NV0012', 'NV0002', '2024-11-01 13:15:00', 1),

('CC0018', 'NV0001', 'NV0002', '2024-11-01 07:15:00', 1), 
('CC0018', 'NV0002', 'NV0002', '2024-11-01 13:15:00', 1), 
('CC0018', 'NV0003', 'NV0002', '2024-11-01 07:05:00', 1), 
('CC0018', 'NV0004', 'NV0002', '2024-11-01 13:15:00', 1), 
('CC0018', 'NV0005', 'NV0002', '2024-11-01 07:05:00', 1), 
('CC0018', 'NV0006', 'NV0002', '2024-11-01 13:15:00', 1), 
('CC0018', 'NV0008', 'NV0002', '2024-11-01 07:25:00', 1), 
('CC0018', 'NV0009', 'NV0002', '2024-11-01 13:15:00', 1), 
('CC0018', 'NV0011', 'NV0002', '2024-11-01 07:05:00', 1), 
('CC0018', 'NV0012', 'NV0002', '2024-11-01 13:15:00', 1),

('CC0019', 'NV0001', 'NV0002', '2024-11-01 07:15:00', 1), 
('CC0019', 'NV0002', 'NV0002', '2024-11-01 13:15:00', 1), 
('CC0019', 'NV0003', 'NV0002', '2024-11-01 07:05:00', 1), 
('CC0019', 'NV0004', 'NV0002', '2024-11-01 13:15:00', 1), 
('CC0019', 'NV0005', 'NV0002', '2024-11-01 07:05:00', 1), 
('CC0019', 'NV0006', 'NV0002', '2024-11-01 13:15:00', 1), 
('CC0019', 'NV0008', 'NV0002', '2024-11-01 07:25:00', 1), 
('CC0019', 'NV0009', 'NV0002', '2024-11-01 13:15:00', 1), 
('CC0019', 'NV0011', 'NV0002', '2024-11-01 07:05:00', 1), 
('CC0019', 'NV0012', 'NV0002', '2024-11-01 13:15:00', 1),

('CC0020', 'NV0001', 'NV0002', '2024-11-01 07:15:00', 1), 
('CC0020', 'NV0002', 'NV0002', '2024-11-01 13:15:00', 1), 
('CC0020', 'NV0003', 'NV0002', '2024-11-01 07:05:00', 1), 
('CC0020', 'NV0004', 'NV0002', '2024-11-01 13:15:00', 1), 
('CC0020', 'NV0005', 'NV0002', '2024-11-01 07:05:00', 1), 
('CC0020', 'NV0006', 'NV0002', '2024-11-01 13:15:00', 1), 
('CC0020', 'NV0008', 'NV0002', '2024-11-01 07:25:00', 1), 
('CC0020', 'NV0009', 'NV0002', '2024-11-01 13:15:00', 1), 
('CC0020', 'NV0011', 'NV0002', '2024-11-01 07:05:00', 1), 
('CC0020', 'NV0012', 'NV0002', '2024-11-01 13:15:00', 1),

('CC0021', 'NV0001', 'NV0002', '2024-11-01 07:15:00', 1), 
('CC0021', 'NV0002', 'NV0002', '2024-11-01 13:15:00', 1), 
('CC0021', 'NV0003', 'NV0002', '2024-11-01 07:05:00', 1), 
('CC0021', 'NV0004', 'NV0002', '2024-11-01 13:15:00', 1), 
('CC0021', 'NV0005', 'NV0002', '2024-11-01 07:05:00', 1), 
('CC0021', 'NV0006', 'NV0002', '2024-11-01 13:15:00', 1), 
('CC0021', 'NV0008', 'NV0002', '2024-11-01 07:25:00', 1), 
('CC0021', 'NV0009', 'NV0002', '2024-11-01 13:15:00', 1), 
('CC0021', 'NV0011', 'NV0002', '2024-11-01 07:05:00', 1), 
('CC0021', 'NV0012', 'NV0002', '2024-11-01 13:15:00', 1),

('CC0022', 'NV0001', 'NV0002', '2024-11-01 07:25:00', 1), 
('CC0022', 'NV0002', 'NV0002', '2024-11-01 13:15:00', 1), 
('CC0022', 'NV0003', 'NV0002', '2024-11-01 07:05:00', 1), 
('CC0022', 'NV0004', 'NV0002', '2024-11-01 13:15:00', 1), 
('CC0022', 'NV0005', 'NV0002', '2024-11-01 07:05:00', 1), 
('CC0022', 'NV0006', 'NV0002', '2024-11-01 13:15:00', 1), 
('CC0022', 'NV0008', 'NV0002', '2024-11-01 07:05:00', 1), 
('CC0022', 'NV0009', 'NV0002', '2024-11-01 13:45:00', 0), 
('CC0022', 'NV0011', 'NV0002', '2024-11-01 07:05:00', 1), 
('CC0022', 'NV0012', 'NV0002', '2024-11-01 13:15:00', 1), 

('CC0023', 'NV0001', 'NV0002', '2024-11-01 07:05:00', 1), 
('CC0023', 'NV0002', 'NV0002', '2024-11-01 13:15:00', 1), 
('CC0023', 'NV0003', 'NV0002', '2024-11-01 07:05:00', 1), 
('CC0023', 'NV0004', 'NV0002', '2024-11-01 13:15:00', 1), 
('CC0023', 'NV0005', 'NV0002', '2024-11-01 07:05:00', 1), 
('CC0023', 'NV0006', 'NV0002', '2024-11-01 13:15:00', 1), 
('CC0023', 'NV0008', 'NV0002', '2024-11-01 07:35:00', 0), 
('CC0023', 'NV0009', 'NV0002', '2024-11-01 13:15:00', 1), 
('CC0023', 'NV0011', 'NV0002', '2024-11-01 07:05:00', 1), 
('CC0023', 'NV0012', 'NV0002', '2024-11-01 13:15:00', 1),

('CC0024', 'NV0001', 'NV0002', '2024-11-01 07:15:00', 1), 
('CC0024', 'NV0002', 'NV0002', '2024-11-01 13:15:00', 1), 
('CC0024', 'NV0003', 'NV0002', '2024-11-01 07:05:00', 1), 
('CC0024', 'NV0004', 'NV0002', '2024-11-01 13:15:00', 1), 
('CC0024', 'NV0005', 'NV0002', '2024-11-01 07:05:00', 1), 
('CC0024', 'NV0006', 'NV0002', '2024-11-01 13:15:00', 1), 
('CC0024', 'NV0008', 'NV0002', '2024-11-01 07:25:00', 1), 
('CC0024', 'NV0009', 'NV0002', '2024-11-01 13:15:00', 1), 
('CC0024', 'NV0011', 'NV0002', '2024-11-01 07:05:00', 1), 
('CC0024', 'NV0012', 'NV0002', '2024-11-01 13:15:00', 1),

('CC0025', 'NV0001', 'NV0002', '2024-11-01 07:15:00', 1), 
('CC0025', 'NV0002', 'NV0002', '2024-11-01 13:15:00', 1), 
('CC0025', 'NV0003', 'NV0002', '2024-11-01 07:05:00', 1), 
('CC0025', 'NV0004', 'NV0002', '2024-11-01 13:15:00', 1), 
('CC0025', 'NV0005', 'NV0002', '2024-11-01 07:05:00', 1), 
('CC0025', 'NV0006', 'NV0002', '2024-11-01 13:15:00', 1), 
('CC0025', 'NV0008', 'NV0002', '2024-11-01 07:25:00', 1), 
('CC0025', 'NV0009', 'NV0002', '2024-11-01 13:15:00', 1), 
('CC0025', 'NV0011', 'NV0002', '2024-11-01 07:05:00', 1), 
('CC0025', 'NV0012', 'NV0002', '2024-11-01 13:15:00', 1),

('CC0026', 'NV0001', 'NV0002', '2024-11-01 07:15:00', 1), 
('CC0026', 'NV0002', 'NV0002', '2024-11-01 13:15:00', 1), 
('CC0026', 'NV0003', 'NV0002', '2024-11-01 07:05:00', 1), 
('CC0026', 'NV0004', 'NV0002', '2024-11-01 13:15:00', 1), 
('CC0026', 'NV0005', 'NV0002', '2024-11-01 07:05:00', 1), 
('CC0026', 'NV0006', 'NV0002', '2024-11-01 13:15:00', 1), 
('CC0026', 'NV0008', 'NV0002', '2024-11-01 07:25:00', 1), 
('CC0026', 'NV0009', 'NV0002', '2024-11-01 13:15:00', 1), 
('CC0026', 'NV0011', 'NV0002', '2024-11-01 07:05:00', 1), 
('CC0026', 'NV0012', 'NV0002', '2024-11-01 13:15:00', 1),

('CC0027', 'NV0001', 'NV0002', '2024-11-01 07:15:00', 1), 
('CC0027', 'NV0002', 'NV0002', '2024-11-01 13:15:00', 1), 
('CC0027', 'NV0003', 'NV0002', '2024-11-01 07:05:00', 1), 
('CC0027', 'NV0004', 'NV0002', '2024-11-01 13:15:00', 1), 
('CC0027', 'NV0005', 'NV0002', '2024-11-01 07:05:00', 1), 
('CC0027', 'NV0006', 'NV0002', '2024-11-01 13:15:00', 1), 
('CC0027', 'NV0008', 'NV0002', '2024-11-01 07:25:00', 1), 
('CC0027', 'NV0009', 'NV0002', '2024-11-01 13:15:00', 1), 
('CC0027', 'NV0011', 'NV0002', '2024-11-01 07:05:00', 1), 
('CC0027', 'NV0012', 'NV0002', '2024-11-01 13:15:00', 1),

('CC0028', 'NV0001', 'NV0002', '2024-11-01 07:15:00', 1), 
('CC0028', 'NV0002', 'NV0002', '2024-11-01 13:15:00', 1), 
('CC0028', 'NV0003', 'NV0002', '2024-11-01 07:05:00', 1), 
('CC0028', 'NV0004', 'NV0002', '2024-11-01 13:15:00', 1), 
('CC0028', 'NV0005', 'NV0002', '2024-11-01 07:05:00', 1), 
('CC0028', 'NV0006', 'NV0002', '2024-11-01 13:15:00', 1), 
('CC0028', 'NV0008', 'NV0002', '2024-11-01 07:25:00', 1), 
('CC0028', 'NV0009', 'NV0002', '2024-11-01 13:15:00', 1), 
('CC0028', 'NV0011', 'NV0002', '2024-11-01 07:05:00', 1), 
('CC0028', 'NV0012', 'NV0002', '2024-11-01 13:15:00', 1),

('CC0029', 'NV0001', 'NV0002', '2024-11-01 07:15:00', 1), 
('CC0029', 'NV0002', 'NV0002', '2024-11-01 13:15:00', 1), 
('CC0029', 'NV0003', 'NV0002', '2024-11-01 07:05:00', 1), 
('CC0029', 'NV0004', 'NV0002', '2024-11-01 13:15:00', 1), 
('CC0029', 'NV0005', 'NV0002', '2024-11-01 07:05:00', 1), 
('CC0029', 'NV0006', 'NV0002', '2024-11-01 13:15:00', 1), 
('CC0029', 'NV0008', 'NV0002', '2024-11-01 07:25:00', 1), 
('CC0029', 'NV0009', 'NV0002', '2024-11-01 13:15:00', 1), 
('CC0029', 'NV0011', 'NV0002', '2024-11-01 07:05:00', 1), 
('CC0029', 'NV0012', 'NV0002', '2024-11-01 13:15:00', 1),

('CC0030', 'NV0001', 'NV0002', '2024-11-01 07:15:00', 1), 
('CC0030', 'NV0002', 'NV0002', '2024-11-01 13:15:00', 1), 
('CC0030', 'NV0003', 'NV0002', '2024-11-01 07:05:00', 1), 
('CC0030', 'NV0004', 'NV0002', '2024-11-01 13:15:00', 1), 
('CC0030', 'NV0005', 'NV0002', '2024-11-01 07:05:00', 1), 
('CC0030', 'NV0006', 'NV0002', '2024-11-01 13:15:00', 1), 
('CC0030', 'NV0008', 'NV0002', '2024-11-01 07:25:00', 1), 
('CC0030', 'NV0009', 'NV0002', '2024-11-01 13:15:00', 1), 
('CC0030', 'NV0011', 'NV0002', '2024-11-01 07:05:00', 1), 
('CC0030', 'NV0012', 'NV0002', '2024-11-01 13:15:00', 1),

('CC0031', 'NV0001', 'NV0002', '2024-11-01 07:25:00', 1), 
('CC0031', 'NV0002', 'NV0002', '2024-11-01 13:15:00', 1), 
('CC0031', 'NV0003', 'NV0002', '2024-11-01 07:05:00', 1), 
('CC0031', 'NV0004', 'NV0002', '2024-11-01 13:15:00', 1), 
('CC0031', 'NV0005', 'NV0002', '2024-11-01 07:05:00', 1), 
('CC0031', 'NV0006', 'NV0002', '2024-11-01 13:15:00', 1), 
('CC0031', 'NV0008', 'NV0002', '2024-11-01 07:05:00', 1), 
('CC0031', 'NV0009', 'NV0002', '2024-11-01 13:45:00', 0), 
('CC0031', 'NV0011', 'NV0002', '2024-11-01 07:05:00', 1), 
('CC0031', 'NV0012', 'NV0002', '2024-11-01 13:15:00', 1), 

('CC0032', 'NV0001', 'NV0002', '2024-11-01 07:05:00', 1), 
('CC0032', 'NV0002', 'NV0002', '2024-11-01 13:15:00', 1), 
('CC0032', 'NV0003', 'NV0002', '2024-11-01 07:05:00', 1), 
('CC0032', 'NV0004', 'NV0002', '2024-11-01 13:15:00', 1), 
('CC0032', 'NV0005', 'NV0002', '2024-11-01 07:05:00', 1), 
('CC0032', 'NV0006', 'NV0002', '2024-11-01 13:15:00', 1), 
('CC0032', 'NV0008', 'NV0002', '2024-11-01 07:35:00', 0), 
('CC0032', 'NV0009', 'NV0002', '2024-11-01 13:15:00', 1), 
('CC0032', 'NV0011', 'NV0002', '2024-11-01 07:05:00', 1), 
('CC0032', 'NV0012', 'NV0002', '2024-11-01 13:15:00', 1),

('CC0033', 'NV0001', 'NV0002', '2024-11-01 07:15:00', 1), 
('CC0033', 'NV0002', 'NV0002', '2024-11-01 13:15:00', 1), 
('CC0033', 'NV0003', 'NV0002', '2024-11-01 07:05:00', 1), 
('CC0033', 'NV0004', 'NV0002', '2024-11-01 13:15:00', 1), 
('CC0033', 'NV0005', 'NV0002', '2024-11-01 07:05:00', 1), 
('CC0033', 'NV0006', 'NV0002', '2024-11-01 13:15:00', 1), 
('CC0033', 'NV0008', 'NV0002', '2024-11-01 07:25:00', 1), 
('CC0033', 'NV0009', 'NV0002', '2024-11-01 13:15:00', 1), 
('CC0033', 'NV0011', 'NV0002', '2024-11-01 07:05:00', 1), 
('CC0033', 'NV0012', 'NV0002', '2024-11-01 13:15:00', 1),

('CC0034', 'NV0001', 'NV0002', '2024-11-01 07:15:00', 1), 
('CC0034', 'NV0002', 'NV0002', '2024-11-01 13:15:00', 1), 
('CC0034', 'NV0003', 'NV0002', '2024-11-01 07:05:00', 1), 
('CC0034', 'NV0004', 'NV0002', '2024-11-01 13:15:00', 1), 
('CC0034', 'NV0005', 'NV0002', '2024-11-01 07:05:00', 1), 
('CC0034', 'NV0006', 'NV0002', '2024-11-01 13:15:00', 1), 
('CC0034', 'NV0008', 'NV0002', '2024-11-01 07:25:00', 1), 
('CC0034', 'NV0009', 'NV0002', '2024-11-01 13:15:00', 1), 
('CC0034', 'NV0011', 'NV0002', '2024-11-01 07:05:00', 1), 
('CC0034', 'NV0012', 'NV0002', '2024-11-01 13:15:00', 1),

('CC0035', 'NV0001', 'NV0002', '2024-11-01 07:15:00', 1), 
('CC0035', 'NV0002', 'NV0002', '2024-11-01 13:15:00', 1), 
('CC0035', 'NV0003', 'NV0002', '2024-11-01 07:05:00', 1), 
('CC0035', 'NV0004', 'NV0002', '2024-11-01 13:15:00', 1), 
('CC0035', 'NV0005', 'NV0002', '2024-11-01 07:05:00', 1), 
('CC0035', 'NV0006', 'NV0002', '2024-11-01 13:15:00', 1), 
('CC0035', 'NV0008', 'NV0002', '2024-11-01 07:25:00', 1), 
('CC0035', 'NV0009', 'NV0002', '2024-11-01 13:15:00', 1), 
('CC0035', 'NV0011', 'NV0002', '2024-11-01 07:05:00', 1), 
('CC0035', 'NV0012', 'NV0002', '2024-11-01 13:15:00', 1),

('CC0036', 'NV0001', 'NV0002', '2024-11-01 07:15:00', 1), 
('CC0036', 'NV0002', 'NV0002', '2024-11-01 13:15:00', 1), 
('CC0036', 'NV0003', 'NV0002', '2024-11-01 07:05:00', 1), 
('CC0036', 'NV0004', 'NV0002', '2024-11-01 13:15:00', 1), 
('CC0036', 'NV0005', 'NV0002', '2024-11-01 07:05:00', 1), 
('CC0036', 'NV0006', 'NV0002', '2024-11-01 13:15:00', 1), 
('CC0036', 'NV0008', 'NV0002', '2024-11-01 07:25:00', 1), 
('CC0036', 'NV0009', 'NV0002', '2024-11-01 13:15:00', 1), 
('CC0036', 'NV0011', 'NV0002', '2024-11-01 07:05:00', 1), 
('CC0036', 'NV0012', 'NV0002', '2024-11-01 13:15:00', 1),

('CC0037', 'NV0001', 'NV0002', '2024-11-01 07:15:00', 1), 
('CC0037', 'NV0002', 'NV0002', '2024-11-01 13:15:00', 1), 
('CC0037', 'NV0003', 'NV0002', '2024-11-01 07:05:00', 1), 
('CC0037', 'NV0004', 'NV0002', '2024-11-01 13:15:00', 1), 
('CC0037', 'NV0005', 'NV0002', '2024-11-01 07:05:00', 1), 
('CC0037', 'NV0006', 'NV0002', '2024-11-01 13:15:00', 1), 
('CC0037', 'NV0008', 'NV0002', '2024-11-01 07:25:00', 1), 
('CC0037', 'NV0009', 'NV0002', '2024-11-01 13:15:00', 1), 
('CC0037', 'NV0011', 'NV0002', '2024-11-01 07:05:00', 1), 
('CC0037', 'NV0012', 'NV0002', '2024-11-01 13:15:00', 1),

('CC0038', 'NV0001', 'NV0002', '2024-11-01 07:15:00', 1), 
('CC0038', 'NV0002', 'NV0002', '2024-11-01 13:15:00', 1), 
('CC0038', 'NV0003', 'NV0002', '2024-11-01 07:05:00', 1), 
('CC0038', 'NV0004', 'NV0002', '2024-11-01 13:15:00', 1), 
('CC0038', 'NV0005', 'NV0002', '2024-11-01 07:05:00', 1), 
('CC0038', 'NV0006', 'NV0002', '2024-11-01 13:15:00', 1), 
('CC0038', 'NV0008', 'NV0002', '2024-11-01 07:25:00', 1), 
('CC0038', 'NV0009', 'NV0002', '2024-11-01 13:15:00', 1), 
('CC0038', 'NV0011', 'NV0002', '2024-11-01 07:05:00', 1), 
('CC0038', 'NV0012', 'NV0002', '2024-11-01 13:15:00', 1),

('CC0039', 'NV0001', 'NV0002', '2024-11-01 07:15:00', 1), 
('CC0039', 'NV0002', 'NV0002', '2024-11-01 13:15:00', 1), 
('CC0039', 'NV0003', 'NV0002', '2024-11-01 07:05:00', 1), 
('CC0039', 'NV0004', 'NV0002', '2024-11-01 13:15:00', 1), 
('CC0039', 'NV0005', 'NV0002', '2024-11-01 07:05:00', 1), 
('CC0039', 'NV0006', 'NV0002', '2024-11-01 13:15:00', 1), 
('CC0039', 'NV0008', 'NV0002', '2024-11-01 07:25:00', 1), 
('CC0039', 'NV0009', 'NV0002', '2024-11-01 13:15:00', 1), 
('CC0039', 'NV0011', 'NV0002', '2024-11-01 07:05:00', 1), 
('CC0039', 'NV0012', 'NV0002', '2024-11-01 13:15:00', 1),

('CC0040', 'NV0001', 'NV0002', '2024-11-01 07:15:00', 1), 
('CC0040', 'NV0002', 'NV0002', '2024-11-01 13:15:00', 1), 
('CC0040', 'NV0003', 'NV0002', '2024-11-01 07:05:00', 1), 
('CC0040', 'NV0004', 'NV0002', '2024-11-01 13:15:00', 1), 
('CC0040', 'NV0005', 'NV0002', '2024-11-01 07:05:00', 1), 
('CC0040', 'NV0006', 'NV0002', '2024-11-01 13:15:00', 1), 
('CC0040', 'NV0008', 'NV0002', '2024-11-01 07:25:00', 1), 
('CC0040', 'NV0009', 'NV0002', '2024-11-01 13:15:00', 1), 
('CC0040', 'NV0011', 'NV0002', '2024-11-01 07:05:00', 1), 
('CC0040', 'NV0012', 'NV0002', '2024-11-01 13:15:00', 1),

('CC0041', 'NV0001', 'NV0002', '2024-11-01 07:15:00', 1), 
('CC0041', 'NV0002', 'NV0002', '2024-11-01 13:15:00', 1), 
('CC0041', 'NV0003', 'NV0002', '2024-11-01 07:05:00', 1), 
('CC0041', 'NV0004', 'NV0002', '2024-11-01 13:15:00', 1), 
('CC0041', 'NV0005', 'NV0002', '2024-11-01 07:05:00', 1), 
('CC0041', 'NV0006', 'NV0002', '2024-11-01 13:15:00', 1), 
('CC0041', 'NV0008', 'NV0002', '2024-11-01 07:25:00', 1), 
('CC0041', 'NV0009', 'NV0002', '2024-11-01 13:15:00', 1), 
('CC0041', 'NV0011', 'NV0002', '2024-11-01 07:05:00', 1), 
('CC0041', 'NV0012', 'NV0002', '2024-11-01 13:15:00', 1),

('CC0042', 'NV0001', 'NV0002', '2024-11-01 07:15:00', 1), 
('CC0042', 'NV0002', 'NV0002', '2024-11-01 13:15:00', 1), 
('CC0042', 'NV0003', 'NV0002', '2024-11-01 07:05:00', 1), 
('CC0042', 'NV0004', 'NV0002', '2024-11-01 13:15:00', 1), 
('CC0042', 'NV0005', 'NV0002', '2024-11-01 07:05:00', 1), 
('CC0042', 'NV0006', 'NV0002', '2024-11-01 13:15:00', 1), 
('CC0042', 'NV0008', 'NV0002', '2024-11-01 07:25:00', 1), 
('CC0042', 'NV0009', 'NV0002', '2024-11-01 13:15:00', 1), 
('CC0042', 'NV0011', 'NV0002', '2024-11-01 07:05:00', 1), 
('CC0042', 'NV0012', 'NV0002', '2024-11-01 13:15:00', 1),

('CC0043', 'NV0001', 'NV0002', '2024-11-01 07:15:00', 1), 
('CC0043', 'NV0002', 'NV0002', '2024-11-01 13:15:00', 1), 
('CC0043', 'NV0003', 'NV0002', '2024-11-01 07:05:00', 1), 
('CC0043', 'NV0004', 'NV0002', '2024-11-01 13:15:00', 1), 
('CC0043', 'NV0005', 'NV0002', '2024-11-01 07:05:00', 1), 
('CC0043', 'NV0006', 'NV0002', '2024-11-01 13:15:00', 1), 
('CC0043', 'NV0008', 'NV0002', '2024-11-01 07:25:00', 1), 
('CC0043', 'NV0009', 'NV0002', '2024-11-01 13:15:00', 1), 
('CC0043', 'NV0011', 'NV0002', '2024-11-01 07:05:00', 1), 
('CC0043', 'NV0012', 'NV0002', '2024-11-01 13:15:00', 1),

('CC0044', 'NV0001', 'NV0002', '2024-11-01 07:15:00', 1), 
('CC0044', 'NV0002', 'NV0002', '2024-11-01 13:15:00', 1), 
('CC0044', 'NV0003', 'NV0002', '2024-11-01 07:05:00', 1), 
('CC0044', 'NV0004', 'NV0002', '2024-11-01 13:15:00', 1), 
('CC0044', 'NV0005', 'NV0002', '2024-11-01 07:05:00', 1), 
('CC0044', 'NV0006', 'NV0002', '2024-11-01 13:15:00', 1), 
('CC0044', 'NV0008', 'NV0002', '2024-11-01 07:25:00', 1), 
('CC0044', 'NV0009', 'NV0002', '2024-11-01 13:15:00', 1), 
('CC0044', 'NV0011', 'NV0002', '2024-11-01 07:05:00', 1), 
('CC0044', 'NV0012', 'NV0002', '2024-11-01 13:15:00', 1),

('CC0045', 'NV0001', 'NV0002', '2024-11-01 07:15:00', 1), 
('CC0045', 'NV0002', 'NV0002', '2024-11-01 13:15:00', 1), 
('CC0045', 'NV0003', 'NV0002', '2024-11-01 07:05:00', 1), 
('CC0045', 'NV0004', 'NV0002', '2024-11-01 13:15:00', 1), 
('CC0045', 'NV0005', 'NV0002', '2024-11-01 07:05:00', 1), 
('CC0045', 'NV0006', 'NV0002', '2024-11-01 13:15:00', 1), 
('CC0045', 'NV0008', 'NV0002', '2024-11-01 07:25:00', 1), 
('CC0045', 'NV0009', 'NV0002', '2024-11-01 13:15:00', 1), 
('CC0045', 'NV0011', 'NV0002', '2024-11-01 07:05:00', 1), 
('CC0045', 'NV0012', 'NV0002', '2024-11-01 13:15:00', 1),

('CC0046', 'NV0001', 'NV0002', '2024-11-01 07:15:00', 1), 
('CC0046', 'NV0002', 'NV0002', '2024-11-01 13:15:00', 1), 
('CC0046', 'NV0003', 'NV0002', '2024-11-01 07:05:00', 1), 
('CC0046', 'NV0004', 'NV0002', '2024-11-01 13:15:00', 1), 
('CC0046', 'NV0005', 'NV0002', '2024-11-01 07:05:00', 1), 
('CC0046', 'NV0006', 'NV0002', '2024-11-01 13:15:00', 1), 
('CC0046', 'NV0008', 'NV0002', '2024-11-01 07:25:00', 1), 
('CC0046', 'NV0009', 'NV0002', '2024-11-01 13:15:00', 1), 
('CC0046', 'NV0011', 'NV0002', '2024-11-01 07:05:00', 1), 
('CC0046', 'NV0012', 'NV0002', '2024-11-01 13:15:00', 1);
go
